timestamp,phase,robot_x,robot_y,robot_yaw,n_obstacles_detected,station_x,station_y
2026-04-22 16:22:17.889,II,9.115,14.19,0.1893,2,-1.0,-1.0
2026-04-22 16:22:18.890,II,9.1157,14.1903,0.6648,2,-1.0,-1.0
2026-04-22 16:22:19.890,II,9.1155,14.1899,1.1506,1,-1.0,-1.0
2026-04-22 16:22:20.890,II,9.1152,14.189,1.6285,1,-1.0,-1.0
2026-04-22 16:22:21.890,II,9.1149,14.1901,2.0992,1,-1.0,-1.0
2026-04-22 16:22:22.891,II,9.115,14.1899,2.2613,1,-1.0,-1.0
2026-04-22 16:22:23.891,II,9.0239,14.3018,2.2382,1,-1.0,-1.0
2026-04-22 16:22:24.897,II,8.9278,14.4232,2.2381,1,-1.0,-1.0
2026-04-22 16:22:25.907,II,8.9232,14.429,2.2394,6,-1.0,-1.0
2026-04-22 16:22:26.918,II,8.9164,14.4376,2.238,3,-1.0,-1.0
2026-04-22 16:22:27.928,II,8.7938,14.5996,2.2635,3,-1.0,-1.0
2026-04-22 16:22:28.939,II,8.6824,14.7331,2.2777,0,-1.0,-1.0
2026-04-22 16:22:29.944,II,8.6298,14.7939,2.2883,0,-1.0,-1.0
2026-04-22 16:22:30.949,II,8.2656,15.2258,2.2867,0,-1.0,-1.0
2026-04-22 16:22:31.950,II,8.1694,15.389,2.3336,0,-1.0,-1.0
2026-04-22 16:22:32.955,II,8.0597,15.5002,2.3567,0,-1.0,-1.0
2026-04-22 16:22:33.961,II,7.9066,15.6531,2.3583,0,-1.0,-1.0
2026-04-22 16:22:34.966,II,7.8085,15.7528,2.3491,0,-1.0,-1.0
2026-04-22 16:22:35.971,II,7.6558,15.9052,2.381,4,-1.0,-1.0
2026-04-22 16:22:36.975,II,7.5609,16.0152,2.4032,1,-1.0,-1.0
2026-04-22 16:22:37.975,II,7.4851,16.0819,2.4388,1,-1.0,-1.0
2026-04-22 16:22:38.980,II,7.4056,16.1463,2.4983,1,-1.0,-1.0
2026-04-22 16:22:39.986,II,7.3799,16.1647,2.7797,2,-1.0,-1.0
2026-04-22 16:22:40.991,II,7.3794,16.1648,3.0464,3,-1.0,-1.0
2026-04-22 16:22:41.991,II,7.3443,16.1641,-3.1155,1,-1.0,-1.0
2026-04-22 16:22:42.992,II,7.1648,16.1848,-3.07,2,-1.0,-1.0
2026-04-22 16:22:43.992,II,6.9857,16.17,-3.0623,2,-1.0,-1.0
2026-04-22 16:22:44.992,II,6.8085,16.1595,-3.0948,2,-1.0,-1.0
2026-04-22 16:22:45.998,II,6.6369,16.1523,-3.0959,2,-1.0,-1.0
2026-04-22 16:22:46.998,II,6.4485,16.1431,-3.0886,2,-1.0,-1.0
2026-04-22 16:22:47.999,II,6.2939,16.1545,-3.0476,2,-1.0,-1.0
2026-04-22 16:22:48.999,II,6.2734,16.1512,-2.7982,1,-1.0,-1.0
2026-04-22 16:22:50.000,II,6.24,16.1356,-2.6946,1,-1.0,-1.0
2026-04-22 16:22:51.000,II,6.1946,16.1143,-2.7163,2,-1.0,-1.0
2026-04-22 16:22:52.000,II,6.1571,16.103,3.0951,2,-1.0,-1.0
2026-04-22 16:22:53.001,II,6.0313,16.1138,3.0703,2,-1.0,-1.0
2026-04-22 16:22:54.001,II,5.8522,16.1246,3.081,3,-1.0,-1.0
2026-04-22 16:22:55.002,II,5.6699,16.1349,3.0857,2,-1.0,-1.0
2026-04-22 16:22:56.002,II,5.4906,16.1463,3.0781,2,-1.0,-1.0
2026-04-22 16:22:57.003,II,5.4337,16.1687,3.0821,2,-1.0,-1.0
2026-04-22 16:22:58.010,II,5.2526,16.1751,3.125,3,-1.0,-1.0
2026-04-22 16:22:59.021,II,5.0749,16.1759,-3.1283,4,-1.0,-1.0
2026-04-22 16:23:00.021,II,4.8833,16.1712,-3.1022,3,-1.0,-1.0
2026-04-22 16:23:01.027,II,4.7406,16.1642,-3.0885,3,-1.0,-1.0
2026-04-22 16:23:02.027,II,4.5259,16.1563,-3.1306,3,-1.0,-1.0
2026-04-22 16:23:03.028,II,4.4257,16.184,3.1377,4,-1.0,-1.0
2026-04-22 16:23:04.033,II,4.2553,16.1874,3.1134,4,-1.0,-1.0
2026-04-22 16:23:05.036,II,4.0684,16.1958,3.0884,2,-1.0,-1.0
2026-04-22 16:23:06.041,II,3.8989,16.2034,3.116,2,-1.0,-1.0
2026-04-22 16:23:07.047,II,3.7175,16.2046,-3.1331,2,-1.0,-1.0
2026-04-22 16:23:08.052,II,3.6761,16.2229,-3.1203,1,-1.0,-1.0
2026-04-22 16:23:09.057,II,3.645,16.2223,-3.1205,1,-1.0,-1.0
2026-04-22 16:23:10.063,II,3.2802,16.2044,-3.0703,1,-1.0,-1.0
2026-04-22 16:23:11.068,II,3.1072,16.1936,-3.081,2,-1.0,-1.0
2026-04-22 16:23:12.073,II,2.9186,16.1868,-3.1307,2,-1.0,-1.0
2026-04-22 16:23:13.074,II,2.7328,16.2085,3.1123,1,-1.0,-1.0
2026-04-22 16:23:14.074,II,2.5538,16.2162,3.089,2,-1.0,-1.0
2026-04-22 16:23:15.074,II,2.3764,16.2248,3.1076,1,-1.0,-1.0
2026-04-22 16:23:16.075,II,2.196,16.2282,3.1388,1,-1.0,-1.0
2026-04-22 16:23:17.075,II,2.0177,16.2269,-3.1315,1,-1.0,-1.0
2026-04-22 16:23:18.076,II,1.9652,16.2442,-3.1241,1,-1.0,-1.0
2026-04-22 16:23:19.076,II,1.777,16.2411,-3.1262,2,-1.0,-1.0
2026-04-22 16:23:20.076,II,1.5961,16.2402,-3.1414,2,-1.0,-1.0
2026-04-22 16:23:21.081,II,1.4293,16.2372,-3.0968,4,-1.0,-1.0
2026-04-22 16:23:22.081,II,1.3014,16.2296,-3.0664,2,-1.0,-1.0
2026-04-22 16:23:23.082,II,1.2031,16.2206,-3.0297,4,-1.0,-1.0
2026-04-22 16:23:24.083,II,1.1533,16.2144,-2.8499,4,-1.0,-1.0
2026-04-22 16:23:25.083,II,1.1531,16.2143,-2.3963,2,-1.0,-1.0
2026-04-22 16:23:26.083,II,1.1531,16.2143,-1.8581,2,-1.0,-1.0
2026-04-22 16:23:27.084,II,1.153,16.214,-1.5563,2,-1.0,-1.0
2026-04-22 16:23:28.084,II,1.1575,16.1485,-1.5032,3,-1.0,-1.0
2026-04-22 16:23:29.086,II,1.2166,16.0183,-1.5309,1,-1.0,-1.0
2026-04-22 16:23:30.087,II,1.2208,15.8609,-1.4857,3,1.2928,14.9642
2026-04-22 16:23:31.088,II,1.2209,15.8601,-1.0261,2,1.2928,14.9642
2026-04-22 16:23:32.089,II,1.2211,15.8599,-0.5271,3,1.2928,14.9642
2026-04-22 16:23:33.090,II,1.2206,15.8601,-0.2711,3,1.2928,14.9642
2026-04-22 16:23:34.090,II,1.3085,15.8387,-0.2374,3,1.2928,14.9642
2026-04-22 16:23:35.090,II,1.4833,15.7935,-0.2616,3,1.2928,14.9642
2026-04-22 16:23:36.091,II,1.6338,15.7351,-0.2627,3,1.2928,14.9642
2026-04-22 16:23:37.091,II,1.8097,15.6925,-0.2285,2,1.2928,14.9642
2026-04-22 16:23:38.092,II,1.986,15.6536,-0.2171,2,1.2928,14.9642
2026-04-22 16:23:39.092,II,2.1594,15.6152,-0.2208,2,1.2928,14.9642
2026-04-22 16:23:40.093,II,2.3371,15.573,-0.2342,1,1.2928,14.9642
2026-04-22 16:23:41.093,II,2.3293,15.5328,-0.2066,1,1.2928,14.9642
2026-04-22 16:23:42.097,II,2.5064,15.4982,-0.172,0,1.2928,14.9642
2026-04-22 16:23:43.098,II,2.6836,15.4657,-0.1898,0,1.2928,14.9642
2026-04-22 16:23:44.102,II,2.8608,15.4347,-0.1535,0,1.2928,14.9642
2026-04-22 16:23:45.103,II,3.0359,15.4122,-0.1239,0,1.2928,14.9642
2026-04-22 16:23:46.107,II,3.1907,15.3953,-0.1017,0,1.2928,14.9642
2026-04-22 16:23:47.111,II,3.3022,15.3842,-0.0789,0,1.2928,14.9642
2026-04-22 16:23:48.116,II,3.3795,15.3797,-0.0366,0,1.2928,14.9642
2026-04-22 16:23:49.127,II,3.39,15.3793,-0.0333,0,1.2928,14.9642
2026-04-22 16:23:50.132,II,3.3907,15.3793,-0.0318,0,1.2928,14.9642
2026-04-22 16:23:51.147,II,3.3951,15.3792,0.1213,0,1.2928,14.9642
2026-04-22 16:23:52.157,II,3.3945,15.379,0.5991,0,1.2928,14.9642
2026-04-22 16:23:53.168,II,3.3951,15.3801,1.2263,0,1.2928,14.9642
2026-04-22 16:23:54.182,II,3.3949,15.3795,2.0479,0,1.2928,14.9642
2026-04-22 16:23:55.192,II,3.3949,15.3796,2.1067,0,1.2928,14.9642
2026-04-22 16:23:56.203,II,3.395,15.3797,2.7288,0,1.2928,14.9642
2026-04-22 16:23:57.213,II,3.395,15.3794,-2.993,0,1.2928,14.9642
2026-04-22 16:23:58.224,II,3.395,15.3793,-2.753,0,1.2928,14.9642
2026-04-22 16:23:59.234,II,3.395,15.3793,-2.753,0,1.2928,14.9642
2026-04-22 16:24:00.239,II,3.3951,15.3794,-2.7362,0,1.2928,14.9642
2026-04-22 16:24:01.245,II,3.3955,15.3795,-3.006,0,1.2928,14.9642
2026-04-22 16:24:02.250,II,3.3955,15.3795,-3.006,0,1.2928,14.9642
2026-04-22 16:24:03.261,II,3.3951,15.3795,1.9329,0,1.2928,14.9642
2026-04-22 16:24:04.271,II,3.395,15.3797,1.7288,0,1.2928,14.9642
2026-04-22 16:24:05.282,II,3.395,15.3796,1.6177,0,1.2928,14.9642
2026-04-22 16:24:06.287,II,3.3948,15.38,2.2355,0,1.2928,14.9642
2026-04-22 16:24:07.297,II,3.395,15.3799,2.749,0,1.2928,14.9642
2026-04-22 16:24:08.303,II,3.3956,15.3797,-2.9062,0,1.2928,14.9642
2026-04-22 16:24:09.308,II,3.3956,15.3797,-2.9062,0,1.2928,14.9642
2026-04-22 16:24:10.313,II,3.2987,15.3268,-2.6807,0,1.2928,14.9642
2026-04-22 16:24:11.323,II,3.1669,15.2723,-2.8134,0,1.2928,14.9642
2026-04-22 16:24:12.334,II,2.9952,15.2345,-3.0447,0,1.2928,14.9642
2026-04-22 16:24:13.344,II,2.9952,15.2345,-3.0447,0,1.2928,14.9642
2026-04-22 16:24:14.350,II,2.5755,15.4854,2.593,1,1.2928,14.9642
2026-04-22 16:24:15.350,II,2.4175,15.5744,2.6726,1,1.2928,14.9642
2026-04-22 16:24:16.351,II,2.319,15.6221,2.771,1,1.3658,15.0442
2026-04-22 16:24:17.351,II,2.3195,15.6219,2.9498,2,1.3658,15.0442
2026-04-22 16:24:18.351,II,2.3197,15.6219,-3.1341,1,1.3658,15.0442
2026-04-22 16:24:19.351,II,2.3195,15.6219,-2.9393,2,1.3658,15.0442
2026-04-22 16:24:20.352,II,2.3191,15.6218,-2.7527,1,1.3658,15.0442
2026-04-22 16:24:21.352,II,2.3189,15.6217,-2.661,2,1.3658,15.0442
2026-04-22 16:24:22.352,II,2.2893,15.6045,-2.6066,2,1.3658,15.0442
2026-04-22 16:24:23.352,II,2.2193,15.5628,-2.6059,2,1.3658,15.0442
2026-04-22 16:24:24.353,II,2.1513,15.5229,-2.6091,2,1.3658,15.0442
2026-04-22 16:24:25.353,II,2.0831,15.4819,-2.5974,2,1.4091,14.9945
2026-04-22 16:24:26.353,II,2.0938,15.4904,-2.5784,2,1.4313,15.0279
2026-04-22 16:24:27.354,II,2.0301,15.4487,-2.5457,4,1.4472,15.0342
2026-04-22 16:24:28.354,II,1.9608,15.4007,-2.5304,4,1.4688,15.0289
2026-04-22 16:24:29.361,II,1.894,15.3539,-2.5253,4,1.4678,15.0362
2026-04-22 16:24:30.366,II,1.8318,15.3092,-2.5116,4,1.4522,15.0263
2026-04-22 16:24:31.374,II,1.774,15.2672,-2.5781,4,1.4432,15.0365
2026-04-22 16:24:32.374,II,1.7558,15.2586,-2.8263,5,1.4446,15.0423
2026-04-22 16:24:33.374,II,1.715,15.2453,-2.7754,5,1.4466,15.0273
2026-04-22 16:24:34.375,II,1.6687,15.2241,-2.6477,4,1.4466,15.0148
2026-04-22 16:24:35.380,II,1.6414,15.208,-2.5678,4,1.4434,15.0067
2026-04-22 16:24:36.380,II,1.5781,15.1585,-2.4137,4,1.4434,15.0067
2026-04-22 16:24:37.386,II,1.5298,15.1117,-2.3325,6,1.4434,15.0067
2026-04-22 16:24:38.391,II,1.4986,15.0774,-2.2563,7,1.4541,14.9931
2026-04-22 16:24:39.391,II,1.4811,15.0525,-2.0994,7,1.4624,14.9894
2026-04-22 16:24:40.392,II,1.4723,15.0342,-1.9257,8,1.4678,14.9847
2026-04-22 16:24:41.392,II,1.4673,15.0153,-1.7368,8,1.4759,14.9822
2026-04-22 16:24:42.392,II,1.4671,15.0138,-1.5597,10,1.4849,14.9837
2026-04-22 16:24:43.392,II,1.4672,15.0135,-1.368,8,1.4945,14.9848
2026-04-22 16:24:44.398,II,1.4672,15.0135,-1.2148,7,1.502,14.9857
2026-04-22 16:24:45.403,II,1.4671,15.0137,-0.99,7,1.5089,14.989
2026-04-22 16:24:46.408,II,1.467,15.0137,-0.863,8,1.5147,14.9912
2026-04-22 16:24:47.414,II,1.467,15.0138,-0.5796,7,1.5193,15.0007
2026-04-22 16:24:48.422,II,1.467,15.0138,-0.376,7,1.5236,15.0083
2026-04-22 16:24:49.427,II,1.467,15.0138,-0.3438,7,1.5241,15.0071
2026-04-22 16:24:50.428,II,1.467,15.0138,-0.3438,8,1.5245,15.0042
2026-04-22 16:24:51.433,II,1.4672,15.0137,0.0817,8,1.535,15.0317
2026-04-22 16:24:52.438,II,1.4669,15.0137,0.16,7,1.5249,15.0316
2026-04-22 16:24:53.443,II,1.4666,15.0136,0.2913,7,1.5241,15.0375
2026-04-22 16:24:54.444,II,1.4666,15.0136,0.3033,7,1.5239,15.036
2026-04-22 16:24:55.449,II,1.4665,15.0136,0.3872,7,1.5228,15.0408
2026-04-22 16:24:56.455,II,1.4665,15.0136,0.4383,7,1.5179,15.0399
2026-04-22 16:24:57.460,II,1.4682,15.0144,0.4488,8,1.5017,15.0315
2026-04-22 16:24:58.460,II,1.4976,15.0296,0.5094,8,1.5189,15.0443
2026-04-22 16:24:59.461,II,1.4976,15.0296,0.5094,8,1.5189,15.0443
2026-04-22 16:25:00.461,II,1.4976,15.0296,0.5094,8,1.5189,15.0443
2026-04-22 16:25:01.462,II,1.4976,15.0296,0.5094,8,1.5189,15.0443
2026-04-22 16:25:02.462,II,1.4976,15.0296,0.5094,8,1.5189,15.0443
2026-04-22 16:25:03.462,II,1.4976,15.0296,0.5094,8,1.5189,15.0443
2026-04-22 16:25:04.463,II,1.4976,15.0296,0.5094,8,1.5189,15.0443
2026-04-22 16:25:05.464,II,1.4976,15.0296,0.5094,8,1.5189,15.0443
2026-04-22 16:25:06.464,II,1.4976,15.0296,0.5094,8,1.5189,15.0443
2026-04-22 16:25:07.466,II,1.4976,15.0296,0.5094,8,1.5189,15.0443
2026-04-22 16:25:08.466,II,1.4976,15.0296,0.5094,8,1.5189,15.0443
2026-04-22 16:25:09.467,II,1.4976,15.0296,0.5094,8,1.5189,15.0443
2026-04-22 16:25:10.467,II,1.4976,15.0296,0.5094,8,1.5189,15.0443
2026-04-22 16:25:11.468,II,1.4976,15.0296,0.5094,8,1.5189,15.0443
2026-04-22 16:25:12.470,II,1.4976,15.0296,0.5094,8,1.5189,15.0443
2026-04-22 16:25:13.470,II,1.4976,15.0296,0.5094,8,1.5189,15.0443
2026-04-22 16:25:14.470,II,1.4976,15.0296,0.5094,8,1.5189,15.0443
2026-04-22 16:25:15.471,II,1.4976,15.0296,0.5094,8,1.5189,15.0443
2026-04-22 16:25:16.471,II,1.4976,15.0296,0.5094,8,1.5189,15.0443
2026-04-22 16:25:17.471,II,1.4976,15.0296,0.5094,8,1.5189,15.0443
2026-04-22 16:25:18.472,II,1.4976,15.0296,0.5094,8,1.5189,15.0443
2026-04-22 16:25:19.472,II,1.4976,15.0296,0.5094,8,1.5189,15.0443
2026-04-22 16:25:20.473,II,1.4976,15.0296,0.5094,8,1.5189,15.0443
2026-04-22 16:25:21.473,II,1.4976,15.0296,0.5094,8,1.5189,15.0443
2026-04-22 16:25:22.474,II,1.4976,15.0296,0.5094,8,1.5189,15.0443
2026-04-22 16:25:23.474,II,1.4976,15.0296,0.5094,8,1.5189,15.0443
2026-04-22 16:25:24.475,II,1.4976,15.0296,0.5094,8,1.5189,15.0443
2026-04-22 16:25:25.475,II,1.4976,15.0296,0.5094,8,1.5189,15.0443
2026-04-22 16:25:26.476,II,1.4976,15.0296,0.5094,8,1.5189,15.0443
2026-04-22 16:25:27.476,II,1.4976,15.0296,0.5094,8,1.5189,15.0443
2026-04-22 16:25:28.477,II,1.4976,15.0296,0.5094,8,1.5189,15.0443
2026-04-22 16:25:29.477,II,1.4976,15.0296,0.5094,8,1.5189,15.0443
2026-04-22 16:25:30.478,II,1.4976,15.0296,0.5094,8,1.5189,15.0443
2026-04-22 16:25:31.478,II,1.4976,15.0296,0.5094,8,1.5189,15.0443
2026-04-22 16:25:32.479,II,1.4976,15.0296,0.5094,8,1.5189,15.0443
2026-04-22 16:25:33.479,II,1.4976,15.0296,0.5094,8,1.5189,15.0443
2026-04-22 16:25:34.480,II,1.4976,15.0296,0.5094,8,1.5189,15.0443
2026-04-22 16:25:35.480,II,1.4976,15.0296,0.5094,8,1.5189,15.0443
2026-04-22 16:25:36.480,II,1.4976,15.0296,0.5094,8,1.5189,15.0443
2026-04-22 16:25:37.481,II,1.4976,15.0296,0.5094,8,1.5189,15.0443
2026-04-22 16:25:38.482,II,1.4976,15.0296,0.5094,8,1.5189,15.0443
2026-04-22 16:25:39.482,II,1.4976,15.0296,0.5094,8,1.5189,15.0443
2026-04-22 16:25:40.483,II,1.4976,15.0296,0.5094,8,1.5189,15.0443
2026-04-22 16:25:41.483,II,1.4976,15.0296,0.5094,8,1.5189,15.0443
2026-04-22 16:25:42.484,II,1.4976,15.0296,0.5094,8,1.5189,15.0443
2026-04-22 16:25:43.484,II,1.4976,15.0296,0.5094,8,1.5189,15.0443
2026-04-22 16:25:44.486,II,1.4976,15.0296,0.5094,8,1.5189,15.0443
2026-04-22 16:25:45.486,II,1.4976,15.0296,0.5094,8,1.5189,15.0443
2026-04-22 16:25:46.487,II,1.4976,15.0296,0.5094,8,1.5189,15.0443
2026-04-22 16:25:47.487,II,1.4976,15.0296,0.5094,8,1.5189,15.0443
2026-04-22 16:25:48.488,II,1.4976,15.0296,0.5094,8,1.5189,15.0443
2026-04-22 16:25:49.490,II,1.4976,15.0296,0.5094,8,1.5189,15.0443
2026-04-22 16:25:50.490,II,1.4976,15.0296,0.5094,8,1.5189,15.0443
2026-04-22 16:25:51.491,II,1.4976,15.0296,0.5094,8,1.5189,15.0443
2026-04-22 16:25:52.491,II,1.4976,15.0296,0.5094,8,1.5189,15.0443
2026-04-22 16:25:53.492,II,1.4976,15.0296,0.5094,8,1.5189,15.0443
2026-04-22 16:25:54.492,II,1.4976,15.0296,0.5094,8,1.5189,15.0443
2026-04-22 16:25:55.493,II,1.4976,15.0296,0.5094,8,1.5189,15.0443
2026-04-22 16:25:56.493,II,1.4976,15.0296,0.5094,8,1.5189,15.0443
2026-04-22 16:25:57.494,II,1.4976,15.0296,0.5094,8,1.5189,15.0443
2026-04-22 16:25:58.494,II,1.4976,15.0296,0.5094,8,1.5189,15.0443
2026-04-22 16:25:59.495,II,1.4976,15.0296,0.5094,8,1.5189,15.0443
2026-04-22 16:26:00.495,II,1.4976,15.0296,0.5094,8,1.5189,15.0443
2026-04-22 16:26:01.496,II,1.4976,15.0296,0.5094,8,1.5189,15.0443
2026-04-22 16:26:02.497,II,1.4976,15.0296,0.5094,8,1.5189,15.0443
2026-04-22 16:26:03.497,II,1.4976,15.0296,0.5094,8,1.5189,15.0443
2026-04-22 16:26:04.498,II,1.4976,15.0296,0.5094,8,1.5189,15.0443
2026-04-22 16:26:05.498,II,1.4976,15.0296,0.5094,8,1.5189,15.0443
2026-04-22 16:26:06.500,II,1.4976,15.0296,0.5094,8,1.5189,15.0443
2026-04-22 16:26:07.500,II,1.4976,15.0296,0.5094,8,1.5189,15.0443
2026-04-22 16:26:08.504,II,1.4976,15.0296,0.5094,8,1.5189,15.0443
2026-04-22 16:26:09.510,II,1.4976,15.0296,0.5094,8,1.5189,15.0443
2026-04-22 16:26:10.510,II,1.4976,15.0296,0.5094,8,1.5189,15.0443
2026-04-22 16:26:11.511,II,1.4976,15.0296,0.5094,8,1.5189,15.0443
2026-04-22 16:26:12.512,II,1.4976,15.0296,0.5094,8,1.5189,15.0443
2026-04-22 16:26:13.512,II,1.4976,15.0296,0.5094,8,1.5189,15.0443
2026-04-22 16:26:14.512,II,1.4976,15.0296,0.5094,8,1.5189,15.0443
2026-04-22 16:26:15.513,II,1.4976,15.0296,0.5094,8,1.5189,15.0443
2026-04-22 16:26:16.514,II,1.4976,15.0296,0.5094,8,1.5189,15.0443
2026-04-22 16:26:17.514,II,1.4976,15.0296,0.5094,8,1.5189,15.0443
2026-04-22 16:26:18.514,II,1.4976,15.0296,0.5094,8,1.5189,15.0443
2026-04-22 16:26:19.515,II,1.4976,15.0296,0.5094,8,1.5189,15.0443
2026-04-22 16:26:20.516,II,1.4976,15.0296,0.5094,8,1.5189,15.0443
2026-04-22 16:26:21.516,II,1.4976,15.0296,0.5094,8,1.5189,15.0443
2026-04-22 16:26:22.517,II,1.4976,15.0296,0.5094,8,1.5189,15.0443
2026-04-22 16:26:23.517,II,1.4976,15.0296,0.5094,8,1.5189,15.0443
2026-04-22 16:26:24.518,II,1.4976,15.0296,0.5094,8,1.5189,15.0443
2026-04-22 16:26:25.518,II,1.4976,15.0296,0.5094,8,1.5189,15.0443
2026-04-22 16:26:26.519,II,1.4976,15.0296,0.5094,8,1.5189,15.0443
2026-04-22 16:26:27.519,II,1.4976,15.0296,0.5094,8,1.5189,15.0443
2026-04-22 16:26:28.520,II,1.4976,15.0296,0.5094,8,1.5189,15.0443
2026-04-22 16:26:29.520,II,1.4976,15.0296,0.5094,8,1.5189,15.0443
2026-04-22 16:26:30.521,II,1.4976,15.0296,0.5094,8,1.5189,15.0443
2026-04-22 16:26:31.521,II,1.4976,15.0296,0.5094,8,1.5189,15.0443
2026-04-22 16:26:32.521,II,1.4976,15.0296,0.5094,8,1.5189,15.0443
2026-04-22 16:26:33.522,II,1.4976,15.0296,0.5094,8,1.5189,15.0443
2026-04-22 16:26:34.523,II,1.4976,15.0296,0.5094,8,1.5189,15.0443
2026-04-22 16:26:35.523,II,1.4976,15.0296,0.5094,8,1.5189,15.0443
2026-04-22 16:26:36.524,II,1.4976,15.0296,0.5094,8,1.5189,15.0443
2026-04-22 16:26:37.524,II,1.4976,15.0296,0.5094,8,1.5189,15.0443
2026-04-22 16:26:38.526,II,1.4976,15.0296,0.5094,8,1.5189,15.0443
2026-04-22 16:26:39.527,II,1.4976,15.0296,0.5094,8,1.5189,15.0443
2026-04-22 16:26:40.527,II,1.4976,15.0296,0.5094,8,1.5189,15.0443
2026-04-22 16:26:41.528,II,1.4976,15.0296,0.5094,8,1.5189,15.0443
2026-04-22 16:26:42.530,II,1.4976,15.0296,0.5094,8,1.5189,15.0443
2026-04-22 16:26:43.530,II,1.4976,15.0296,0.5094,8,1.5189,15.0443
2026-04-22 16:26:44.531,II,1.4976,15.0296,0.5094,8,1.5189,15.0443
2026-04-22 16:26:45.531,II,1.4976,15.0296,0.5094,8,1.5189,15.0443
2026-04-22 16:26:46.531,II,1.4976,15.0296,0.5094,8,1.5189,15.0443
2026-04-22 16:26:47.532,II,1.4976,15.0296,0.5094,8,1.5189,15.0443
2026-04-22 16:26:48.532,II,1.4976,15.0296,0.5094,8,1.5189,15.0443
2026-04-22 16:26:49.533,II,1.4976,15.0296,0.5094,8,1.5189,15.0443
2026-04-22 16:26:50.533,II,1.4976,15.0296,0.5094,8,1.5189,15.0443
2026-04-22 16:26:51.533,II,1.4976,15.0296,0.5094,8,1.5189,15.0443
2026-04-22 16:26:52.534,II,1.4976,15.0296,0.5094,8,1.5189,15.0443
2026-04-22 16:26:53.534,II,1.4976,15.0296,0.5094,8,1.5189,15.0443
2026-04-22 16:26:54.534,II,1.4976,15.0296,0.5094,8,1.5189,15.0443
2026-04-22 16:26:55.535,II,1.4976,15.0296,0.5094,8,1.5189,15.0443
2026-04-22 16:26:56.535,II,1.4976,15.0296,0.5094,8,1.5189,15.0443
2026-04-22 16:26:57.536,II,1.4976,15.0296,0.5094,8,1.5189,15.0443
2026-04-22 16:26:58.536,II,1.4976,15.0296,0.5094,8,1.5189,15.0443
2026-04-22 16:26:59.536,II,1.4976,15.0296,0.5094,8,1.5189,15.0443
2026-04-22 16:27:00.537,II,1.4976,15.0296,0.5094,8,1.5189,15.0443
2026-04-22 16:27:01.537,II,1.4976,15.0296,0.5094,8,1.5189,15.0443
2026-04-22 16:27:02.538,II,1.4976,15.0296,0.5094,8,1.5189,15.0443
2026-04-22 16:27:03.538,II,1.4976,15.0296,0.5094,8,1.5189,15.0443
2026-04-22 16:27:04.538,II,1.4976,15.0296,0.5094,8,1.5189,15.0443
2026-04-22 16:27:05.539,II,1.4976,15.0296,0.5094,8,1.5189,15.0443
2026-04-22 16:27:06.539,II,1.4976,15.0296,0.5094,8,1.5189,15.0443
2026-04-22 16:27:07.540,II,1.4976,15.0296,0.5094,8,1.5189,15.0443
2026-04-22 16:27:08.540,II,1.4976,15.0296,0.5094,8,1.5189,15.0443
2026-04-22 16:27:09.541,II,1.4976,15.0296,0.5094,8,1.5189,15.0443
2026-04-22 16:27:10.541,II,1.4976,15.0296,0.5094,8,1.5189,15.0443
2026-04-22 16:27:11.541,II,1.4976,15.0296,0.5094,8,1.5189,15.0443
2026-04-22 16:27:12.542,II,1.4976,15.0296,0.5094,8,1.5189,15.0443
2026-04-22 16:27:13.545,II,1.4976,15.0296,0.5094,8,1.5189,15.0443
2026-04-22 16:27:14.546,II,1.4976,15.0296,0.5094,8,1.5189,15.0443
2026-04-22 16:27:15.546,II,1.4976,15.0296,0.5094,8,1.5189,15.0443
2026-04-22 16:27:16.547,II,1.4976,15.0296,0.5094,8,1.5189,15.0443
2026-04-22 16:27:17.547,II,1.4976,15.0296,0.5094,8,1.5189,15.0443
2026-04-22 16:27:18.550,II,1.4976,15.0296,0.5094,8,1.5189,15.0443
2026-04-22 16:27:19.551,II,1.4976,15.0296,0.5094,8,1.5189,15.0443
2026-04-22 16:27:20.551,II,1.4976,15.0296,0.5094,8,1.5189,15.0443
2026-04-22 16:27:21.551,II,1.4976,15.0296,0.5094,8,1.5189,15.0443
2026-04-22 16:27:22.552,II,1.4976,15.0296,0.5094,8,1.5189,15.0443
2026-04-22 16:27:23.552,II,1.4976,15.0296,0.5094,8,1.5189,15.0443
2026-04-22 16:27:24.552,II,1.4976,15.0296,0.5094,8,1.5189,15.0443
2026-04-22 16:27:25.553,II,1.4976,15.0296,0.5094,8,1.5189,15.0443
2026-04-22 16:27:26.553,II,1.4976,15.0296,0.5094,8,1.5189,15.0443
2026-04-22 16:27:27.553,II,1.4976,15.0296,0.5094,8,1.5189,15.0443
2026-04-22 16:27:28.554,II,1.4976,15.0296,0.5094,8,1.5189,15.0443
2026-04-22 16:27:29.554,II,1.4976,15.0296,0.5094,8,1.5189,15.0443
2026-04-22 16:27:30.557,II,1.4976,15.0296,0.5094,8,1.5189,15.0443
2026-04-22 16:27:31.558,II,1.4976,15.0296,0.5094,8,1.5189,15.0443
2026-04-22 16:27:32.558,II,1.4976,15.0296,0.5094,8,1.5189,15.0443
2026-04-22 16:27:33.558,II,1.4976,15.0296,0.5094,8,1.5189,15.0443
2026-04-22 16:27:34.559,II,1.4976,15.0296,0.5094,8,1.5189,15.0443
2026-04-22 16:27:35.559,II,1.4976,15.0296,0.5094,8,1.5189,15.0443
2026-04-22 16:27:36.559,II,1.4976,15.0296,0.5094,8,1.5189,15.0443
2026-04-22 16:27:37.560,II,1.4976,15.0296,0.5094,8,1.5189,15.0443
2026-04-22 16:27:38.560,II,1.4976,15.0296,0.5094,8,1.5189,15.0443
2026-04-22 16:27:39.560,II,1.4976,15.0296,0.5094,8,1.5189,15.0443
2026-04-22 16:27:40.561,II,1.4976,15.0296,0.5094,8,1.5189,15.0443
2026-04-22 16:27:41.561,II,1.4976,15.0296,0.5094,8,1.5189,15.0443
2026-04-22 16:27:42.561,II,1.4976,15.0296,0.5094,8,1.5189,15.0443
2026-04-22 16:27:43.562,II,1.4976,15.0296,0.5094,8,1.5189,15.0443
2026-04-22 16:27:44.562,II,1.4976,15.0296,0.5094,8,1.5189,15.0443
2026-04-22 16:27:45.562,II,1.4976,15.0296,0.5094,8,1.5189,15.0443
2026-04-22 16:27:46.563,II,1.4976,15.0296,0.5094,8,1.5189,15.0443
2026-04-22 16:27:47.563,II,1.4976,15.0296,0.5094,8,1.5189,15.0443
2026-04-22 16:27:48.563,II,1.4976,15.0296,0.5094,8,1.5189,15.0443
2026-04-22 16:27:49.564,II,1.4976,15.0296,0.5094,8,1.5189,15.0443
2026-04-22 16:27:50.564,II,1.4976,15.0296,0.5094,8,1.5189,15.0443
2026-04-22 16:27:51.566,II,1.4976,15.0296,0.5094,8,1.5189,15.0443
2026-04-22 16:27:52.567,II,1.4976,15.0296,0.5094,8,1.5189,15.0443
2026-04-22 16:27:53.567,II,1.4976,15.0296,0.5094,8,1.5189,15.0443
2026-04-22 16:27:54.567,II,1.4976,15.0296,0.5094,8,1.5189,15.0443
2026-04-22 16:27:55.569,II,1.4976,15.0296,0.5094,8,1.5189,15.0443
2026-04-22 16:27:56.569,II,1.4976,15.0296,0.5094,8,1.5189,15.0443
2026-04-22 16:27:57.569,II,1.4976,15.0296,0.5094,8,1.5189,15.0443
2026-04-22 16:27:58.570,II,1.4976,15.0296,0.5094,8,1.5189,15.0443
2026-04-22 16:27:59.570,II,1.4976,15.0296,0.5094,8,1.5189,15.0443
2026-04-22 16:28:00.571,II,1.4976,15.0296,0.5094,8,1.5189,15.0443
2026-04-22 16:28:01.571,II,1.4976,15.0296,0.5094,8,1.5189,15.0443
2026-04-22 16:28:02.572,II,1.4976,15.0296,0.5094,8,1.5189,15.0443
2026-04-22 16:28:03.572,II,1.4976,15.0296,0.5094,8,1.5189,15.0443
2026-04-22 16:28:04.573,II,1.4976,15.0296,0.5094,8,1.5189,15.0443
2026-04-22 16:28:05.573,II,1.4976,15.0296,0.5094,8,1.5189,15.0443
2026-04-22 16:28:06.573,II,1.4976,15.0296,0.5094,8,1.5189,15.0443
2026-04-22 16:28:07.574,II,1.4976,15.0296,0.5094,8,1.5189,15.0443
2026-04-22 16:28:08.574,II,1.4976,15.0296,0.5094,8,1.5189,15.0443
2026-04-22 16:28:09.574,II,1.4976,15.0296,0.5094,8,1.5189,15.0443
2026-04-22 16:28:10.575,II,1.4976,15.0296,0.5094,8,1.5189,15.0443
2026-04-22 16:28:11.575,II,1.4976,15.0296,0.5094,8,1.5189,15.0443
2026-04-22 16:28:12.575,II,1.4976,15.0296,0.5094,8,1.5189,15.0443
